,en,vi,char
story.Prologue_Club_Occult.chr_girl1.text.bf667d8b6a89f321247a6799b1f91bc7781a8f21,What are you looking at?,Nhìn nhìn cái gì?,Saki
,,,
story.Prologue_Club_Occult.chr_girl1.text.4c252268dec8cf833583f54b4a7af7c978d151e1,Get out of my face.,Cuốn xéo khỏi mặt tao.,Saki
,,,
story.Prologue_Club_Occult.chr_girl1.text.a91c91606a5dc6fe461a14ad0146e969a110e816,"My seat is on the second row from the front, in class 3-C.",Tao ngồi chỗ lớp 3-C hàng thứ 2 từ trên xuống đấy.,Saki
,,,
story.Prologue_Club_Occult.chr_girl1.text.d95523cf7dce8c6e095dd66a9e918d4cf9c09073,Maybe you don't suck as much as I thought.,Có khi mày không phải là đứa khó ưa như tao nghĩ lắm.,Saki
,,,
story.Prologue_Club_Occult.chr_girl1.text.2e8bd70e7eb6ad46f216654e95309e8d874f5c82,I'm surprised you even gave it back. Maybe I misjudged you.,Ngạc nhiên là mày còn trả lại cho tao đấy. Có khi là hiểu sai mày rồi.,Saki
,,,
story.Prologue_Club_Occult.chr_girl2.text.fd68308feaa410d05155aa48b31a4ff2ed1d390b,I bet you think you're SO funny. We have other plans for the night anyway.,"Chắc mày nghĩ mày vui tính quá ha. Kệ, tối nay bọn tao có kế hoạch khác.",Juli
story.Prologue_Club_Occult.chr_girl2.text.3a220e862b6cbfb65523f6f5d7ff47790c804ccb,Whatever you say!,Xin mời cứ việc!,Kat
,,,
story.Prologue_Club_Occult.chr_girl2.text.2a9c4fd230b5fccf9ddaa404b8b1563e9792726b,Don't talk to me anymore. I won't forget this.,Đừng có nói chuyện với tao nữa. Vụ này tao không quên đâu đấy.,Juli
,,,
story.Prologue_Club_Occult.chr_girl2.text.0664812fa94dffb089fa6908bd5944e5f60fca8f,Good luck with your game.,Chúc trò chơi thuận buồm nhé.,Juli
,,,
story.Prologue_Club_Occult.chr_girl3.text.19c775512d807b2941e69104895cac4880b908c7,(She's really concentrated on fixing her ribbon. Best not to disturb her.),(Nó đang tập trung chỉnh đi chỉnh lại cái ruy-băng. Thôi không nên quấy rầy.),
,,,
story.Prologue_Club_Occult.chr_girl3.text.1789139ff743aea324d47e9f4c09d0a6fc174467,(She's angrily fidgeting with her ribbon. Best not to bother her anymore.),(Nó đang vân vê cái ruy-băng với điệu bộ phát cáu. Thôi đừng nên quấy rầy thêm.),
,,,
story.Prologue_Club_Occult.chr_girl3.text.4c726a6d4443752d1e468b67e2e234aa5484fd00,It's good to finally make some new friends.,Sau cùng kết được bạn bè mới là tốt rồi.,Kaya
,,,
story.Prologue_Club_Occult.event_bag_with_girls.text.5a60498288556038fa802bf3fb6e5865b2ce9284,Are you leaving this here?,Để cặp ở đây luôn à?,Kat
story.Prologue_Club_Occult.event_bag_with_girls.text.c6992d838875685d1cc03b66cd02a2e9af1c4677,Why not? I'll pick it up before going home.,Sao đâu? Trước khi về tao vô lấy lại.,Saki
story.Prologue_Club_Occult.event_bag_with_girls.text.afe357b0abf8008bda4bb8484a590d114a2d53ee,May I look through it?,Dòm bên trong được không?,Kat
story.Prologue_Club_Occult.event_bag_with_girls.text.37851965160b4af3be509604918e7345edb00cda,No…?,Không…?,Saki
story.Prologue_Club_Occult.event_bag_with_girls.text.f9e3ecd15bbd7744d3fbcc9fa8e43ac4ab3632df,"Ok, let's see…","OK, để coi coi…",Kat
story.Prologue_Club_Occult.event_bag_with_girls.text.ae2c1b37641f882428966175474df7e97f1d43c5,Um… why is there lettuce in your bag?,Ừm… sao trong cặp lại có rau diếp thế này?,Kat
story.Prologue_Club_Occult.event_bag_with_girls.text.bf8207f9b94ce43a78e3ba21a48059e30fb5d64e,Wha- WHAT DID I JUST SAY!?,T-TAO BẢO LÀ KHÔNG DÒM RỒI CƠ MÀ!?,Saki
story.Prologue_Club_Occult.event_bag_with_girls.text.9d7522a099881f2703db97cc96862476ada25e6f,So… why is there lettuce in your bag?,Thế… tại sao lại có rau diếp trong cặp mày thế?,Kat
story.Prologue_Club_Occult.event_bag_with_girls.text.83b769ed6217abe389ba5682f6a143656b3fdc77,"My mom asked me to pick it up on the way home, okay?","Mẹ tao nhờ trên đường về thì lấy hộ, được chưa?",Saki
story.Prologue_Club_Occult.event_bag_with_girls.text.4e8b588e9ebc23799acfed070773c9f438e67f5b,God!,Tự nhiên à!,Saki
story.Prologue_Club_Occult.event_bag_with_girls.text.824059dbe3eda0d45398a6feeed9e54c70f680f2,"Fine, fine…",Thôi thôi được rồi…,Kat
story.Prologue_Club_Occult.event_bag_with_girls.text.aa830d42494510481ddf6ac46c2e9e38ef712501,You put the lettuce back.,Đã cất lại rau diếp.,
,,,
story.Prologue_Club_Occult.event_bag_with_girls.text.4d478fc99da6c3eb757e1b3c69937b34c47d2502,It's Saki's bag.,Cặp của Saki.,
,,,
story.Prologue_Club_Occult.event_bag_with_girls.text.e59a1f53454ba6531ce18fe1116cdfff365e6cb5,Saki's bag is gone.,Cặp của Saki biến mất rồi.,
story.Prologue_Club_Occult.event_bag_with_girls.text.feb3f704fb11b8e679389d9e0dcea5111f6277c9,What? Where is my bag?,Ủa? Cặp tao đâu?,Saki
story.Prologue_Club_Occult.event_bag_with_girls.text.53f9546958c48512f810653f8779a1cfc0d42170,Is someone else here with us?,Trong trường vẫn còn ai khác á?,Saki
story.Prologue_Club_Occult.event_bag_with_girls.text.b5af77ffe202ac10e4b0ad4b3c9b3dfd7ad3249f,This isn't good…,Mệt rồi đấy…,Juli
story.Prologue_Club_Occult.event_bag_with_girls.text.7e287a68cb19763f13e311ae76bd472cfc0a0632,Hopefully it was just the janitor and you can get it back on Monday.,"Mong chỉ là người quét dọn lấy đi, sang thứ Hai là lấy lại được thôi.",Juli
story.Prologue_Club_Occult.event_bag_with_girls.text.35eb9e717891b07fff1a471c25fa342413fc864e,Uuugh…,Ư…,Saki
,,,
story.Prologue_Club_Occult.event_break_crow.text.fd5385765655803e431925931cf2fb6a8712490f,Isn't this stuffed crow just so cool?,Con quạ nhồi này ngầu đét luôn đó.,Saki
story.Prologue_Club_Occult.event_break_crow.text.d64c2846fa57a8beb81708dd2780696d44a13c42,Oh no.,Ối.,Saki
story.Prologue_Club_Occult.event_break_crow.text.b9a27a9dc256a72174e84e6859faa7a87467ab5c,"…So you're that type, huh?","… Á à, lộ ra tuýp người rồi nhé.",Kat
story.Prologue_Club_Occult.event_break_crow.text.d989051705a724c008f1e8ce2c9e2e22a82c6cf0,It was an accident! And what is that supposed to mean anyways!?,Tao vô tình thôi! Mà bảo tuýp người ý là sao hả?,Saki
story.Prologue_Club_Occult.event_break_crow.text.b5af77ffe202ac10e4b0ad4b3c9b3dfd7ad3249f,This isn't good…,Mệt rồi đấy…,Juli
story.Prologue_Club_Occult.event_break_crow.text.24d74780620e6cb377813ae79d0a80081d8f8ef9,"It's okay, you can just apologize next week.","Không sao đâu, tuần sau đi xin lỗi là được mà.",Kaya
story.Prologue_Club_Occult.event_break_crow.text.789728ecb1d8b85725c863319fd43b76bbc6b788,"Yeah, it's okay. It was probably the only valuable thing in this room anyways.",Ừa không sao. Đằng nào trong phòng này chỉ có mỗi nó trông có giá thôi mà.,Kat
story.Prologue_Club_Occult.event_break_crow.text.35eb9e717891b07fff1a471c25fa342413fc864e,Uuugh…,Ư…,Saki
,,,
story.Prologue_Club_Occult.event_conversation_1.text.9fdfe43c656b3a9a0b1d082e1cb810d5584e1323,"Say, what ARE you doing here? Visiting the school at night is hardly normal no matter what you're looking for.","Nè, rốt cuộc mày đang làm gì đây thế? Đêm hôm tới trường vầy, dù mày tìm gì thì cũng chả bình thường tí nào.",Juli
story.Prologue_Club_Occult.event_conversation_1.text.4b29554615f9a73676feefbd085eab8b2c4fb95b,I could ask you the same question.,Câu này tao hỏi y như vậy ngược lại chúng mày được đó.,Kat
story.Prologue_Club_Occult.event_conversation_1.text.c4ccdab5202f49f6b7d2a639a53ba6fbf7f9fc4a,You already know what we were doing.,Bọn tao nãy đang làm gì mày biết rồi mà.,Juli
story.Prologue_Club_Occult.event_conversation_1.text.84234b92d1c6a09d8ed7301c4dc531ec654f3bb5,"Key word: ""were"".","Chú ý vào 3 chữ ""nãy đang làm"".",Saki
story.Prologue_Club_Occult.event_conversation_1.text.0213c89782db29babd6acbe1b99405eb705816d1,"Truth is, I'm doing the same thing as you girls… But it's spookier than your game.",Nói thật thì tao cũng đang làm cái giống bọn mày… à nó còn ghê hơn của bọn mày nhiều.,Kat
story.Prologue_Club_Occult.event_conversation_1.text.e3551c3e1afd1f72e29bc531fa961947b959ee47,A game? Can we join in?,Trò gì á? Bọn tao chơi chung luôn?,Juli
story.Prologue_Club_Occult.event_conversation_1.text.426de20d460ebe8475b0ffb75a9d62bb71e6bc5b,I thought you had plans for the night?,Tưởng bọn mày có kế hoạch khác rồi chứ?,Kat
story.Prologue_Club_Occult.event_conversation_1.text.6eae3a5b062c6d0d79f070c26e6d62486b40cb46,…,…,Juli
story.Prologue_Club_Occult.event_conversation_1.text.a3b898c08c31d5bfb4c8967e5bd65bb1ba640e8d,We can probably spare an hour or two.,Dành 1 hay 2 giờ gì đó cũng không sao.,Juli
story.Prologue_Club_Occult.event_conversation_1.text.7649e9180242d7f87b30d5304fd04787fb843508,"In any case, it's a one-person ritual, so you can't join me on it.","Ấy mà có điều, này là nghi thức cho một người, thành thử không cho bọn mày tham gia được rồi.",Kat
story.Prologue_Club_Occult.event_conversation_1.text.9db32972dd5607cdce94491d34084f54a457b4bd,Figures.,Ra là thế.,Juli
,,,
story.Prologue_Club_Occult.event_conversation_2.text.be1719ef60c8116c2a6382aa9fc40b54493bcb76,"If you like this kind of occult stuff, why aren't you in the club?","Nếu thích mấy kiểu huyền bí thế này, sao không vào câu lạc bộ huyền bí luôn đi?",Kat
story.Prologue_Club_Occult.event_conversation_2.text.15c0e5ece5e4f9f1ec51588c8dfd8f3776d21f31,Only nerds join this club.,Chỉ có bọn nerd mới thèm vào.,Juli
story.Prologue_Club_Occult.event_conversation_2.text.fb31f5a4e469c8f82b5fd00e8daaa1cc1f83f17a,That's not entirely false…,Khó lòng phủ định thiệt…,Kat
,,,
story.Prologue_Club_Occult.event_conversation_3.text.8f40603db200b017b3b00a791d8f58ced0c1aaab,You didn't bring any other games? Not even a deck of cards?,Không có mang trò gì khác à? Không có bài luôn á?,Kat
story.Prologue_Club_Occult.event_conversation_3.text.02d6e90f4872869012d5faa9068dfa89802ba1ee,"No, not really.",Có mang gì khác đâu.,Juli
story.Prologue_Club_Occult.event_conversation_3.text.1dd7f60282aae0c7a57cb0ec656424d699ed6655,We didn't anticipate someone ruining our game.,Ai mà ngờ được lại có kẻ mà ai cũng biết là ai đấy vào phá đám.,Saki
story.Prologue_Club_Occult.event_conversation_3.text.35878b38448016c4bf406ad0f63ba2f040bc104d,Fair enough.,Quả vậy.,Kat
,,,
story.Prologue_Club_Occult.event_conversation_4.text.77443702b01b90be2a6a7abeddaeb9824ddb26a3,"So, how did you get in here?",Thế chúng mày vào trong đây kiểu gì?,Kat
story.Prologue_Club_Occult.event_conversation_4.text.5f4a786524a3816e75b65a73da19be0584af8312,We got a key from someone.,Bọn tao kiếm được chìa từ người quen.,Juli
story.Prologue_Club_Occult.event_conversation_4.text.eb403f71f63bf17b72d547ae6c3cf9c39ff18496,*I* got a key from someone.,*Tao* kiếm được chìa từ người quen.,Saki
story.Prologue_Club_Occult.event_conversation_4.text.29f6215b4c4c155fbd9c35c4ada073fcf5195766,…*She* got a key from someone.,…*Nó* kiếm được chìa từ người quen.,Juli
story.Prologue_Club_Occult.event_conversation_4.text.14122a8735709ff01a3329b266a6749789939059,Couldn't you just have joined the club?,Sao không vào câu lạc bộ luôn cho rồi?,Kat
story.Prologue_Club_Occult.event_conversation_4.text.32288c1041fa7c9f1dd1181103dfc582d97bd21b,Why? Is that what you did? Join the club just for the key?,Chi? Giống mày á? Vào câu lạc bộ để lấy chìa thôi thì vào làm gì?,Juli
story.Prologue_Club_Occult.event_conversation_4.text.804a46154f46490c48674a31e26e146fe865336f,…This conversation isn't going as planned.,…Nói chuyện không được thuận buồm lắm nhỉ.,Kat
,,,
story.Prologue_Club_Occult.event_conversation_5.text.47149ae147df2265d781531dd17134895a381c09,What were you looking for earlier?,Ban nãy mày đang tìm gì thế?,Juli
story.Prologue_Club_Occult.event_conversation_5.text.e97b9a8712baae0fadb95d14b6e8103fa04d558c,Materials for the ritual.,Nguyên liệu cho nghi thức.,Kat
story.Prologue_Club_Occult.event_conversation_5.text.32fceba45e9e6a2175b73744766bf1f9075be98b,Shouldn't you have gathered them ahead of time?,Thế thì đáng lẽ nên kiếm đồ sẵn ở nhà trước luôn chứ?,Juli
story.Prologue_Club_Occult.event_conversation_5.text.300f0f258170f2b057b0b521c131c7ee8e3fcb8f,Now that's boring. Do you also do your homework ahead of time?,Hỏi chán vậy. Thế bài tập về nhà mày về nhà có làm ngay luôn không?,Kat
story.Prologue_Club_Occult.event_conversation_5.text.6eae3a5b062c6d0d79f070c26e6d62486b40cb46,…,…,Juli
story.Prologue_Club_Occult.event_conversation_5.text.3386794c17ed5b5a49e22d1ff5eae99969fa3c32,I don't know what to say to that.,Chả biết nói sao luôn.,Juli
,,,
story.Prologue_Club_Occult.event_conversation_6.text.0c2cabaa41033c9bbdc5f8dc37004f2dfe8092d5,Will you at least tell us more about your game?,Ít nhất mày kể bọn tao chút nữa về cái trò chơi đi?,Juli
story.Prologue_Club_Occult.event_conversation_6.text.09522e77ba9dc2e60995b6b38e3c2f55916ac656,I'll let you know how it went on Monday.,Đến thứ Hai tao báo lại kết quả cho.,Kat
story.Prologue_Club_Occult.event_conversation_6.text.2b5535752677000c8b6345c75e4814d7c8100729,"If it's anything like the rest I tried, it won't really do anything.",Nếu giống như hồi đến giờ tao làm thì cũng chẳng có gì xảy ra đâu.,Kat
story.Prologue_Club_Occult.event_conversation_6.text.831b9bb8e6cdad688accf285cededbd7d68e66fb,What's with all the chit chat? Are we suddenly friends or something?,Sao tự dưng lắm mồm thế? Thành bạn bè hay gì rồi?,Saki
story.Prologue_Club_Occult.event_conversation_6.text.6eae3a5b062c6d0d79f070c26e6d62486b40cb46,…,…,Juli
story.Prologue_Club_Occult.event_conversation_6.text.2c6869849cbec01fb7fe05678c4846827283141d,"She's alright, I guess.",Con này tao nghĩ là không tệ đâu.,Juli
story.Prologue_Club_Occult.event_conversation_6.text.8fe07f8ffa9ea7f32e9b1414669d803a66ee178d,But she ruined our night!,Nhưng mà con này nó phá đám!,Saki
story.Prologue_Club_Occult.event_conversation_6.text.f027b10198bb04f689a76f34b240579ff1586a50,Sorry about that…,Chuyện đó thì cho tao xin lỗi…,Kat
story.Prologue_Club_Occult.event_conversation_6.text.fbb6724cf5d2218e7231c7333d731400fe1f2415,"Well… alright, fine.",Ừ thì… thôi được rồi.,Saki
story.Prologue_Club_Occult.event_conversation_6.text.8839637be0286ef79bf0cf48dfdc5326c120a263,"She means ""apology accepted"".","Ý là ""Chấp nhận lời xin lỗi"" đó.",Kaya
story.Prologue_Club_Occult.event_conversation_6.text.981e30765424f781c5e4c2db7edea1ba644b486b,"Nice to meet you then, I'm Kat.","Vậy hân hạnh làm quen nè, tao tên là Kat.",Kat
story.Prologue_Club_Occult.event_conversation_6.text.245c482c495842e5f4ed04ffcd429994967ab78f,We KNOW.,BIẾT rồi.,Saki
story.Prologue_Club_Occult.event_conversation_6.text.4af8ce15df32dadca0c886faa1cb1e20bd1acd9c,"I'm Juli. This is Saki, and this is Kaya.","Tao tên là Juli. Này tên là Saki, còn này tên là Kaya.",Juli
story.Prologue_Club_Occult.event_conversation_6.text.64753c6fe019c4dad6292319d4387ea91bd3cee9,Nice to meet you.,Xin được chiếu cố ạ.,Kaya
,,,
story.Prologue_Club_Occult.event_conversation_girl1_extra.text.99f66dd797d3b56baa4d59a697205565ff24197f,"You know, you're quite the celebrity among third year students.",Trong khối năm 3 mày cũng nổi tiếng ghê lắm đấy.,Saki
story.Prologue_Club_Occult.event_conversation_girl1_extra.text.e7255d504ffbd2c5125175747041f58ad0f69d68,…for all the wrong reasons.,…toàn vì mấy vụ không đâu vào đâu không à.,Saki
,,,
story.Prologue_Club_Occult.event_conversation_girl1_extra.text.abff8b7896c7f212a0ebffec3cd6c37c64f83c53,You should hang out at 3-C sometime.,Lâu lâu qua lớp 3-C chơi đi.,Saki
,,,
story.Prologue_Club_Occult.event_conversation_girl3_extra.text.e1f5627f5acd4aff0df0066eef13152f88c7e60b,Do you um… need help with that ribbon?,Cần giúp ờ… chỉnh chỉnh cái ruy-băng không?,Kat
story.Prologue_Club_Occult.event_conversation_girl3_extra.text.c4b236969b05273249bb7a046a83455df6a3ef61,Ah… no… I'm just fidgeting…,À… không… chỉ đang nghịch tí thôi…,Kaya
story.Prologue_Club_Occult.event_conversation_girl3_extra.text.fa97725633bd52ddb8fb0409986f9de3133d8182,Got it.,Ừ rồi.,Kat
,,,
story.Prologue_Club_Occult.event_conversation_redirect.text.5579951ff73a553cbddac8244de8a67bd0016ffd,Don't mind Saki. She's not the bitch she pretends to be.,Đừng có để bụng con Saki. Nó giả vờ khó ở thế thôi chứ nó tốt lắm.,Juli
,,,
story.Prologue_Club_Occult.event_conversation_redirect.text.e75dbe6e9e534e4389a0976b098ff73080594086,We will probably go home soon.,Chắc bọn tao sắp về thôi.,Juli
,,,
story.Prologue_Club_Occult.event_cut_girls_hair.text.87033d7592be7420e3ca8d200d8d33bb98c21bc4,Well… at least I got what I needed.,Chà… ít ra có được cái cần rồi.,Kat
,,,
story.Prologue_Club_Occult.event_draw_on_chalkboard.choice.text.d5ca10bf90c7d4d82b940bbc272724ef45c4149f,Draw something on the chalkboard?,Vẽ gì đó lên bảng phấn chứ?,
story.Prologue_Club_Occult.event_draw_on_chalkboard.choice.5397e0583f14f6c88de06b1ef28f460a1fb5b0ae,Yes,Vẽ,
story.Prologue_Club_Occult.event_draw_on_chalkboard.choice.816c52fd2bdd94a63cd0944823a6c0aa9384c103,No,Thôi,
,,,
story.Prologue_Club_Occult.event_draw_on_chalkboard.choice.text.9ca1c028b193aec03fdb771ab119db9d0bb38e53,What should I draw?,Vẽ cái gì đây nhỉ?,
story.Prologue_Club_Occult.event_draw_on_chalkboard.choice.62f19e6de6708770c1006e76f6c47605a1b1d478,A flower,Hoa,
story.Prologue_Club_Occult.event_draw_on_chalkboard.choice.69f0caf4f42fc54fb3d19bdbd684579fd1d04326,A self-portrait,Tự họa,
story.Prologue_Club_Occult.event_draw_on_chalkboard.choice.5a47c007eff988bf4b8c4a25658a82b0e3c59aed,A house,Ngôi nhà,
story.Prologue_Club_Occult.event_draw_on_chalkboard.choice.2f7e643b11100977d94b8a19c5b9392a05b6cff1,A butt,Mông,
story.Prologue_Club_Occult.event_draw_on_chalkboard.choice.0aec444d1e31c2bbdeb6b7b5dfb741cca7ca7e62,Don't draw,Thôi không vẽ,
,,,
story.Prologue_Club_Occult.event_draw_on_chalkboard.text.c5f78d1a63d0c7a1f59040ae977cd45e2fdd5b29,It's done!,Xong rồi!,
story.Prologue_Club_Occult.event_draw_on_chalkboard.text.dd68d63ef43a2a7a0cef0bcbb1ab05bce13d5b96,This was the most pointless thing you've done today.,Đây là điều vô nghĩa nhất mà bạn làm hôm nay.,
,,,
story.Prologue_Club_Occult.event_draw_on_chalkboard.text.bbfc9b64bfdac2cc550d41423c388e512bd0900e,"My masterpiece is already perfect, no need for modifications.","Kiệt tác của mình đã hoàn bích rồi, không cần chỉnh thêm.",
,,,
story.Prologue_Club_Occult.event_draw_on_chalkboard.text.a948b49968c3e87473e56d3738829cfc1c8b9919,It's too dark for that.,Tối quá sao mà vẽ.,
,,,
story.Prologue_Club_Occult.event_drawing_react_girls.text.abf50765b96509feb083c33cff8bdd0342b582b2,That's cute!,Dễ thương ghê!,Kaya
story.Prologue_Club_Occult.event_drawing_react_girls.text.a0908b83198b163bf333ff0dc7d2abe433dc9322,Thank you very much.,Xin cảm ơn nha.,Kat
,,,
story.Prologue_Club_Occult.event_drawing_react_girls.text.58e623035484acf9c8b3fe46282793dd236a7ae1,Is that supposed to be you…?,Cái này là vẽ mày đó sao…?,Saki
story.Prologue_Club_Occult.event_drawing_react_girls.text.797474ad802e18679e2c64bde25e921c948062da,Please never draw a portrait of me.,Làm ơn đừng có mà vẽ tao nhé.,Saki
story.Prologue_Club_Occult.event_drawing_react_girls.text.8dd076998f56958c4f7004354cb2847b1282c3e0,Wasn't planning to.,Vốn cũng chả tính làm thế.,Kat
,,,
story.Prologue_Club_Occult.event_drawing_react_girls.text.43322b1b2a5d6f934fd12d903fa4b134a66e06f8,"Kindergarten called, they want their drawing skills back.","Khá là í ẹ, vào nhà trẻ còn may ra.",Juli
story.Prologue_Club_Occult.event_drawing_react_girls.text.b4f322d63061daad0429350a5fe1f1d35719d051,This is my depiction of a child's depiction of a house.,Đây là tao vẽ cách đứa bé vẽ ngôi nhà đấy.,Kat
,,,
story.Prologue_Club_Occult.event_drawing_react_girls.text.c65a6a18dc893aefd8c437241ec1f3bca22fb889,I expected a bit better from you…,Tao mong mày vẽ ra cái gì hay ho hơn tí cơ…,Juli
story.Prologue_Club_Occult.event_drawing_react_girls.text.5c3dbddeb29396d0343d48b155247220dc716b5e,I didn't.,Tao thì chả mong.,Saki
,,,
story.Prologue_Club_Occult.event_key_request.text.5ca83035c28490b453835aa430e8630063ab484a,"Say, are any of you members of the theater club?","Ê, mấy đứa chúng mày có ai trong câu lạc bộ kịch không?",Kat
story.Prologue_Club_Occult.event_key_request.text.38a907a7fff5a3d11d34f4eea895f9cdd3c757e4,Not really.,Cũng không hẳn thế.,Kaya
story.Prologue_Club_Occult.event_key_request.text.f48ac3709c809e9e8a2fe1deee96716a804f8f81,Not really?,Cũng không hẳn thế?,Kat
story.Prologue_Club_Occult.event_key_request.text.5e664a5fd016f843230cd2a6bd2e5b606c5024e8,Not me.,Tao thì không phải rồi.,Juli
story.Prologue_Club_Occult.event_key_request.text.4ef11e86a50b1a456d6e555f386a886654045d20,Who wants to know?,Ai đang muốn biết à?,Saki
story.Prologue_Club_Occult.event_key_request.text.25cf485ef4eca4a9148b093f7bc0fb78fdecfa3a,"Well, there's a talent agent waiting outside. He's only interested in teenage girls with a passion for roleplaying, though.","Ờ thì, ở ngoài có cái ông bên agency tài năng nào đến, ổng chỉ muốn tìm các bạn nữ tuổi teen nào có đam mê diễn kịch thôi đó.",Kat
story.Prologue_Club_Occult.event_key_request.text.aa8e61dacf422bb0ebd4f7fe42b417f095e6e403,What is it that you want?,Thế thực ra là mày đang muốn cái gì đây hả?,Saki
story.Prologue_Club_Occult.event_key_request.text.599b021d51168b839b9291e8caeb0af00b494b10,"I just need to borrow something from your club room. You have the key with you, don't you?",Tao muốn mượn đồ trong phòng câu lạc bộ thôi. Mày có cầm chìa khóa phòng đúng không?,Kat
story.Prologue_Club_Occult.event_key_request.text.2ac89c93d3d2da6a303510cb35b4548a9d0fe778,Hmmm…,Hừmm…,Saki
,,,
story.Prologue_Club_Occult.event_key_request.text.1820dbb449f7f64032dca9067d7fde326759bfc5,"Fine, you can have it… If you can do me a favor first.","Được, tao cho mày mượn… nhưng mà mày hộ tao cái này đã rồi tao mới cho.",Saki
story.Prologue_Club_Occult.event_key_request.text.846a293c8a138ac1ea6a0fc8c75ecd1c3979c5f2,I'll do you a favor: I'll conveniently forget to tell the principal that you three broke into the school at night. Deal?,"Để tao hộ mày cái này cho: tao sẽ tiện quên đi việc đi mách thầy hiệu trưởng về việc 3 đứa chúng mày nửa đêm lẻn vào trường, chốt kèo nhé?",Kat
story.Prologue_Club_Occult.event_key_request.text.397e75469ec5ce7ca775776445a893ba924b045b,Aren't you trespassing too?,Mày cũng vi phạm có khác gì đâu?,Saki
story.Prologue_Club_Occult.event_key_request.text.0934c978054852f5b5ddec21916b84ee0fceb9a2,"So, what's the favor you need?","Thế, mày muốn tao hộ gì đây?",Kat
story.Prologue_Club_Occult.event_key_request.text.672aec955bc017d7652eb88e9a530bae13688d2b,"Get my notebook. It's in classroom 3-C, under my desk.","Mày lấy cuốn vở của tao về đây, sang lớp 3-C kiếm dưới hộc bàn chỗ tao ngồi ấy.",Saki
,,,
story.Prologue_Club_Occult.event_key_request.rename.item.name.3b7476708ee09c1d72e039582c99839e37942ab6,Saki's Notebook,Vở của Tóc đuôi ngựa,
story.Prologue_Club_Occult.event_key_request.rename.item.desc.463a8937d7be87671f781e35f2f1c92200d48521,A red notebook that the girl with the Saki forgot. She probably wants it back.,Quyển vở đỏ mà con tóc đuôi ngựa bỏ quên. Có lẽ nó muốn lấy lại quyển này.,
,,,
story.Prologue_Club_Occult.event_key_request.choice.text.89f7671b9c14232b6571a835e3c278fd449020a3,Should I get the notebook for her?,Lấy vở cho nó chứ?,
story.Prologue_Club_Occult.event_key_request.choice.2532900e505ae78ff23dbdcaf638838eecd9fef3,"Alright, I'll do it","Được, tao lấy cho",
story.Prologue_Club_Occult.event_key_request.choice.2d5f5b0553b68392fe5836efa5e0f9f90f568416,Forget it,Đừng có hòng,
,,,
story.Prologue_Club_Occult.event_key_request.text.34534e230ce63fd215ea680acc67045b81607e66,You will?,Mày chịu lấy cho à?,Saki
story.Prologue_Club_Occult.event_key_request.text.b219b67c54a45220f5d4c6808cc4e97e3ced8265,"Then, when you find it, please don't look through it.","Nếu vậy, kiếm ra rồi đừng có mà lật ra coi đấy.",Saki
story.Prologue_Club_Occult.event_key_request.text.579db59b0eb99f0bd1c1439ba6f9735788f9ca74,"Sure, sure.",Rồi rồi.,Kat
,,,
story.Prologue_Club_Occult.event_key_request.text.51d612266cf87e6448797a4b54f05830193b53ac,"Of course, of course.",Vậy đó nhể.,Saki
story.Prologue_Club_Occult.event_key_request.text.d09882338b9476d133eb3c60fc062910ce301b72,Good luck finding another key to the club room.,Thế thì ráng mà đi tìm cái chìa khác đi nhé.,Saki
story.Prologue_Club_Occult.event_key_request.text.07809df4fac339304ce024eba2032d2138e9c103,We'll see about that.,Cứ đợi đấy mà xem.,Kat
,,,
story.Prologue_Club_Occult.event_key_request.text.821e5fb251937d228d081d73da64e97b7ee13bc2,You mean this one?,Cái này đúng không?,Kat
story.Prologue_Club_Occult.event_key_request.text.6eae3a5b062c6d0d79f070c26e6d62486b40cb46,…,…,Saki
story.Prologue_Club_Occult.event_key_request.text.a503996223cb7f5c642fe58c7adfd290aa22f366,How did you-?,Lấy hồi nào hay vậy…?,Saki
story.Prologue_Club_Occult.event_key_request.text.81667ccab31a8a802ab7b7b9e1b624d6a16c2c43,"Yes, that's the one.","Đúng, vở tao đấy.",Saki
story.Prologue_Club_Occult.event_key_request.text.d0e6a0382a7d608f6871852bdfd894862fbb8f3a,Here's the key. I expect it back at some point.,Chìa khóa đây. Xài xong nhớ trả lại đàng hoàng.,Saki
story.Prologue_Club_Occult.event_key_request.text.113a936a2577ad11edae551f902e4e57aefd5813,Happy to help.,Sẵn lòng giúp việc.,Kat
,,,
story.Prologue_Club_Occult.event_key_request.text.8729425f2b61a2a50569e0faa07e855353a76e39,"Well, you brought my notebook so…",Dù sao thì mày cũng lấy vở cho tao rồi nên…,Saki
story.Prologue_Club_Occult.event_key_request.text.b4f71e3b3b4d51f452e1e85998aec5ace13f7894,"Here you go, I guess. Please don't break anything.","Thì đây, chìa khóa đây. Đừng có phá phách cái gì hết nhé.",Saki
story.Prologue_Club_Occult.event_key_request.text.7039a648bed419501ae5c1cc8c4138abe2bb1877,And don't forget to bring it back to me.,Xong thì nhớ mà trả lại đấy.,Saki
story.Prologue_Club_Occult.event_key_request.text.1da20795f84bb9c5e16697aea34f14720e38fc37,Thanks!,Cảm ơn!,Kat
,,,
story.Prologue_Club_Occult.event_open_box.text.ea4a17b27cc8b9ff50f607187619d1b0c5a12507,There's a bunch of useless trash in here…,Bên trong toàn là đồ tạp nham vô tích sự…,Kat
story.Prologue_Club_Occult.event_open_box.text.52fc2c5b37a13b33ffd6946b51b200348cbcd334,Aha! This little box may be it.,Á à! Cái hộp nhỏ này chắc đúng rồi.,Kat
story.Prologue_Club_Occult.event_open_box.text.a703afe3e05e73d76c24d71a301988bf360d6c47,There's three runes… but the ritual didn't mention a specific one.,Có 3 cái rune… cơ mà dùng cái nào đây thì quy trình nghi thức lại không nói.,Kat
,,,
story.Prologue_Club_Occult.event_open_box.choice.text.5448909afde37af0e3792b10d637896c7d65d18e,Which one should I take?,Nên lấy cái nào đây?,
story.Prologue_Club_Occult.event_open_box.choice.e1da94bc5822b49d64e85608f56ba48ab98ccb6e,The weird C,Cái có chữ C kì cục,
story.Prologue_Club_Occult.event_open_box.choice.ef2749c8f1634ee7093ee55ffe0eae3aced4143b,The weird B,Cái có chữ B kì cục,
story.Prologue_Club_Occult.event_open_box.choice.c1310eee2491276ac0b1c674f547363ffae070b7,The weird O,Cái có chữ O kì cục,
,,,
story.Prologue_Club_Occult.event_open_box.text.2669cc23ec9a922ca884004193bd4d8e1e422462,What's that?,Cái đó là gì thế?,Saki
story.Prologue_Club_Occult.event_open_box.text.8693ebe42c2b21b44bbb06fbafb3ace1c3e28258,A rune. The ritual calls for it.,Cái rune. Nghi thức cần.,Kat
story.Prologue_Club_Occult.event_open_box.text.06b2c135c0cd5ad382fc2e7bf514ca2bf8828d46,What does it do?,Xài thế nào đấy?,Saki
story.Prologue_Club_Occult.event_open_box.text.f6d83edc45f0b5db67760927a6156b71e8e91b28,No idea.,Chịu.,Kat
story.Prologue_Club_Occult.event_open_box.text.8f80f3174aa4c4e9263ba69b2c89e2cd69d3f4dd,How is this any less childish than the game we were playing…?,Cái này bớt trẻ con hơn cái trò chúng ta đang chơi đến nhường nào đây…?,Juli
,,,
story.Prologue_Club_Occult.event_read_letter.text.570ed513b8f90a4d33e731b5efb1030ec020e806,There's a golden envelope in the drawer.,Có cái phong bì màu vàng cất trong ngăn kéo.,
story.Prologue_Club_Occult.event_read_letter.text.65a12ab7136e287462f2dc83c4a907f0b1036b8d,These are the instructions for the ritual I'm doing.,Đây là lời chỉ dẫn cho cái nghi thức mình giờ đang làm.,Kat
story.Prologue_Club_Occult.event_read_letter.text.f40cb78939b45c6ebabe5dc3d80ef6fa3fe60670,"Thankfully, I shortened them when I wrote my notes.",Được cái là mình đã tóm tắt lại khi viết ghi chú rồi.,Kat
,,,
story.Prologue_Club_Occult.event_read_letter.choice.text.45655123c522abf1c4131a5388aeaf8bcc98af9f,Read the full ritual rules?,Đọc toàn bộ luật nghi thức chứ?,
story.Prologue_Club_Occult.event_read_letter.choice.5397e0583f14f6c88de06b1ef28f460a1fb5b0ae,Yes,Đọc,
story.Prologue_Club_Occult.event_read_letter.choice.816c52fd2bdd94a63cd0944823a6c0aa9384c103,No,Thôi,
,,,
story.Prologue_Club_Occult.event_read_letter.text.83e94b8ca08a1625dca15229f82f9051072cd8ae,You must play alone.,Ngươi phải chơi một mình.,
story.Prologue_Club_Occult.event_read_letter.text.475ffa14014bb463965306813410e4afd01a7039,Requirements:,Yêu cầu:,
story.Prologue_Club_Occult.event_read_letter.text.babf76262f0ea838f472ec5a81a46705039c68ab,"- 3 dark, adjacent rooms
- 12 candles
- A lighter or matches","- 3 căn phòng tối, liền kề nhau
- 12 cây nến
- Bật lửa hoặc diêm",
story.Prologue_Club_Occult.event_read_letter.text.8f64422d9fe2c6182dffa0bd2e8a4399656c38ff,"- A rune
- A tuft of human hair
- White chalk or White paint","- Một miếng rune
- Nhúm tóc người
- Phấn viết trắng hoặc màu vẽ trắng",
story.Prologue_Club_Occult.event_read_letter.text.7a3e2ecfc019c98540bfc396b5c1c1fb9ddcf45d,Preparations:,Chuẩn bị:,
story.Prologue_Club_Occult.event_read_letter.text.59194ad134b9bbb69253b98a1ee2bdbcb8ec3306,"Start after the sun has set.
All 3 rooms must be pitch black; turn off all the lights, draw the curtains, and close the doors.","Bắt đầu sau khi mặt trời lặn.
Cả 3 căn phòng phải tối mịt; tắt hết ánh sáng, kéo hết rèm lại, và đóng cửa lại.",
story.Prologue_Club_Occult.event_read_letter.text.fbd5e27089f7acf01d349abd943ad70d164c6eb5,"Using the chalk or paint, draw a path going through the 3 rooms. This path will serve to connect your current location to your destination.","Dùng phấn viết hoặc màu vẽ, vẽ một con đường xuyên qua ba căn phòng. Con đường này sẽ đóng vai trò kết nối nơi ngươi đang ở tới nơi ngươi muốn đến.",
story.Prologue_Club_Occult.event_read_letter.text.e37e781899825ae256db4321b594402ef7703de6,"In the middle room, place 6 candles on each side of the drawn path, parallel to it.","Tại căn phòng chính giữa, ở hai bên con đường đã vẽ, mỗi bên đặt 6 cây nến sao cho song song với con đường đó.",
story.Prologue_Club_Occult.event_read_letter.text.7d1f8eca4c1b45759334c350127a721d325d2104,Instructions:,Quy trình:,
story.Prologue_Club_Occult.event_read_letter.text.f8e15d9e0fa32fd380979550dc081ab0c1716344,"Light each of the candles and let them burn for at least 5 minutes. From this point, you can no longer abort the ritual.","Thắp từng cây nến rồi để chúng cháy ít nhất là 5 phút. Từ lúc này, ngươi không còn có thể dừng nghi thức được nữa.",
story.Prologue_Club_Occult.event_read_letter.text.dd442a2dbb9b9164d940308a6f62c9edf2c03bbd,"After the 5 minutes have passed, burn the tuft of hair on one of the candles.
Proceed to blow out all the candles one by one.","Khi 5 phút trôi qua rồi, đốt nhúm tóc bằng một trong các cây nến.
Tiếp đó thổi tắt hết nến từng cây một.",
story.Prologue_Club_Occult.event_read_letter.text.62745a31ad16e6b42cfee742b31322b5d4124678,"When the last candle is put out, quickly close your eyes and count to 100.","Khi cây nến cuối cùng được thổi tắt rồi, nhanh chóng nhắm mắt lại rồi đếm đến 100.",
story.Prologue_Club_Occult.event_read_letter.text.eea803d9cb223f09c6a260de6fb74d0958659424,Open your eyes.,Rồi mở mắt ra.,
story.Prologue_Club_Occult.event_read_letter.text.c1250ccde58119f34e3e88498c178eae4f51feef,To Remember:,Ghi nhớ:,
story.Prologue_Club_Occult.event_read_letter.text.b57fd1b198ecd6e7ae8533aabfbc8cb8427e0470,You must always close the door behind you. Leaving it open may attract unwanted attention.,Ngươi phải luôn đóng cửa sau lưng. Nếu để cửa mở có khả năng sẽ thu hút sự chú ý không mong muốn.,
story.Prologue_Club_Occult.event_read_letter.text.fdb4a3dc24a3a9aa7bdca9f88212619ace5d61fe,Do NOT let the rune out of your possession. It is your only protection.,CHỚ để rune rời khỏi tầm tay. Rune là thủ hộ duy nhất của ngươi.,
story.Prologue_Club_Occult.event_read_letter.text.6fe918d02741b537d22742037272623729aa5254,"Do NOT bring any weapons with you. If you arm yourself, so will they.","CHỚ mang vũ khí theo. Nếu ngươi cầm vũ khí, thì chúng cũng thế.",
story.Prologue_Club_Occult.event_read_letter.text.4a14624738f81647408a3a58399b1802debf1880,"Should anything be heard or felt while you count to 100, it must be ignored.","Trong khi đếm đến 100 nếu có cảm thấy hay nghe thấy cái gì đi nữa, cũng phải làm ngơ.",
story.Prologue_Club_Occult.event_read_letter.text.ff7b391f0b8961401c11a4782023ea1797b0628b,Do NOT open your eyes.,CHỚ mở mắt ra.,
story.Prologue_Club_Occult.event_read_letter.text.8c62fa816746a7a5cc901cecc949a75e43839101,Do NOT turn on the lights.,CHỚ bật ánh sáng.,
story.Prologue_Club_Occult.event_read_letter.text.c5953f5a437cf7a422468816d80e7a95e1a70ad0,Do NOT move.,CHỚ có di chuyển.,
story.Prologue_Club_Occult.event_read_letter.text.0be540b7490f8a7145cea48aec6914b4bf1eacf0,It is normal to feel like you are not alone. You won't be.,Cảm thấy có ai đó khác thì là điều bình thường. Thực tế sẽ không hề có một mình ngươi.,
story.Prologue_Club_Occult.event_read_letter.text.6eae3a5b062c6d0d79f070c26e6d62486b40cb46,…,…,Kat
,,,
story.Prologue_Club_Occult.event_read_letter.text.12d578abb29a0be6e03a20bb11974bb87ff37639,There's no need to read it again.,Không cần phải đọc lại nữa đâu.,
,,,
story.Prologue_Club_Occult.event_read_letter.text.bab79d53c711295bcee6a0ca286445826fec5c6d,Is that the ritual we're doing right now?,Đó là cái nghi thức nãy giờ chúng ta đang làm hả?,Juli
story.Prologue_Club_Occult.event_read_letter.text.7169a9fe242bf1537fcb89e9b96d1f00c9745eed,Yeah.,Ừ.,Kat
story.Prologue_Club_Occult.event_read_letter.text.b0427f3bd719f15830402c4070925bc3106f7d19,I wonder if anyone else tried it…,Không biết có ai khác làm thử rồi chưa…,Kaya
story.Prologue_Club_Occult.event_read_letter.text.b3133c3a2016adf349093b16433315bf27abf26c,Probably not. It was sealed when I got to it.,Có lẽ chưa ai đâu. Lúc tìm thấy thì bị niêm phong.,Kat
story.Prologue_Club_Occult.event_read_letter.text.7cd6e5dcad4488ac0ea03d2eb71b7e9519c96699,That's weird. Did they think it was cursed?,Kì nhỉ. Người ta nghĩ là nó bị nguyền hay gì chăng?,Saki
story.Prologue_Club_Occult.event_read_letter.text.d729e1bb7dc16de6acff6000908d152bcc7418b0,Maybe. I should probably glue it back later.,Có khi. Sau chắc nên dán lại thôi.,Kat
,,,
story.Prologue_Club_Occult.event_switched_runes.text.bf36462a3375a4c4d2aeefc4c5a541ec37b014f2,Kat.,Kat.,Juli
story.Prologue_Club_Occult.event_switched_runes.text.82ab28432a84699eecd594331cf455abb4815fa7,Hm?,Hửm?,Kat
story.Prologue_Club_Occult.event_switched_runes.text.6d4d51077cbe74dd495a2c1ae43e57dbb4dc3359,Just decide already!,Lựa thì lựa lẹ đi!,Juli
,,,
story.Prologue_Club_Occult.item_curtains_on_window.text.c597dacf39b073be30fc38917dbad02b512eedad,This window doesn't need any curtains.,Cửa sổ này thì không cần rèm gì.,
,,,
story.Prologue_Club_Occult.item_hair_on_girl1.text.fa4517c01ceba1aeef423d00baf9a3d78e6d466e,"Ugh, you disgust me!","Ựa, kinh tởm mày quá!",Saki
,,,
story.Prologue_Club_Occult.item_hair_on_girl2.text.0d36b354967ee8b55748628072d5e8a96278138a,Why are you holding that like some sort of sick trophy? What is wrong with you!?,Sao mày phe phẩy cái đó như cái chiến tích bệnh hoạn vậy? Mày bị khùng à?,Juli
,,,
story.Prologue_Club_Occult.item_hair_on_girl3.text.2d7612966e947dc2b338e36dcc3e6749fb3a63e7,"Leave me alone, please.",Để tao yên đi mà.,Kaya
,,,
story.Prologue_Club_Occult.item_hair_on_girl_owner.text.6932de1e80ef377fcd9a8b487cc314f4838d233a,(It's too late to put it back…),"(Gắn lại thế nào được, muộn màng rồi…)",Kat
,,,
story.Prologue_Club_Occult.item_key_on_girl1.text.affe0c46b56a96ec8939649c10150ed6cb0f1107,Are you done with it?,Dùng xong rồi hả?,Saki
story.Prologue_Club_Occult.item_key_on_girl1.text.8b95a779e79fd7888a5a8dd0634f08cad928381c,"Yeah, thanks.","Ờ, cảm ơn.",Kat
,,,
story.Prologue_Club_Occult.item_key_on_girl1.text.44484d3ab1bf77b7f0d8fa30858cf47c7a868039,"Gee, thanks.","Trời ạ, cảm ơn.",Saki
,,,
story.Prologue_Club_Occult.item_key_on_girl1.text.394f7e249f341679b0aa382628f82995e6c73ecf,"(I can't give it back yet, I haven't even used it!)","(Chưa thể trả lại được, đã xài đâu!)",Kat
story.Prologue_Club_Occult.item_key_on_girl1.text.44c582df70cc6e653adf2cf0df3f29fd1b6e16ca,…?,…?,Saki
,,,
story.Prologue_Club_Occult.item_key_on_girl1.text.cb55159ef656a9518b0422b94cc148fa985f813d,Uhh… why do you have that?,Ờm… sao mày có chìa tao vậy?,Saki
story.Prologue_Club_Occult.item_key_on_girl1.text.de483d2ed9649fd1b0b5e03ea9b7e06f98f6b8bf,"Well, thanks for returning it, I guess?",Ờ thì… cám ơn mày trả lại cho tao nha…?,Saki
,,,
story.Prologue_Club_Occult.item_key_on_girl1.text.a1e5a44bc05eb0f93400e861dde926e11e512aa6,"Let me guess. Returning my notebook was too much for you, so you just took the key instead.",Hiểu rồi. Mày không thích lấy hộ vở cho tao nên thay vào đó ăn cắp chìa khóa luôn chứ gì.,Saki
story.Prologue_Club_Occult.item_key_on_girl1.text.d6fee471b65d61ca093bcde2d3afcae28912e241,"Well, at least you brought it back, I suppose.","Thôi thì, được cái là mày còn trả lại.",Saki
,,,
story.Prologue_Club_Occult.item_key_on_girl1.text.76dce1ef7d155c3b5d87ed82c1f6ab710ec81c40,Oh wow. You just took that?,Ối chà. Mày tự tiện lấy thế hả?,Saki
story.Prologue_Club_Occult.item_key_on_girl1.text.1316b89663b1eb8400e8a4f507221ef260358a33,"You're a real bitch Kat, you know that?","Mày chó chết lắm Kat, có biết không?",Saki
,,,
story.Prologue_Club_Occult.item_key_on_girl1.text.1950464812f0237a7d21002f41db251238cc50e3,…of course you had it all along.,…biết là mày cầm suốt từ đầu đến đuôi mà.,Saki
story.Prologue_Club_Occult.item_key_on_girl1.text.00af8af630f32b9e1e98bdf13be6686348a70f63,Now I feel like an idiot for worrying. Hope you enjoyed my key.,"Mất công lo lắng giờ thấy mình như đồ ngu, cầm chìa khóa của tao có lấy làm vui sướng không?",Saki
,,,
story.Prologue_Club_Occult.item_lighter_on_box.text.72e02c3364e70e1da6a263ae0725f097b12fe34e,That won't accomplish anything good.,Làm như thế không có được cái gì tốt hết.,
,,,
story.Prologue_Club_Occult.item_lighter_on_girl1.text.458054c53b529fa60461d0dc660e531eded328ef,(I feel like setting her on fire but… I'll control myself.),(Thèm muốn châm lửa lên nó quá cơ mà… kiềm chế lại thôi.),Kat
story.Prologue_Club_Occult.item_lighter_on_girl1.text.be65b9e347375f6ab4dbf58f66fa0a0b73735783,What?,Gì?,Saki/Kat
story.Prologue_Club_Occult.item_lighter_on_girl1.text.6eae3a5b062c6d0d79f070c26e6d62486b40cb46,…,…,Saki/Kat
,,,
story.Prologue_Club_Occult.item_lighter_on_girl1.text.0a13fdc37aa0c2f0a5cef5bce55128c6b008cf61,(She really isn't that bad.),(Con này không thực sự khó ưa đến thế đâu),Kat
,,,
story.Prologue_Club_Occult.item_lighter_on_girl2.text.7a4bef73d53239cfe4b828eb46a820d98407cbd5,(It would be a shame to set such pretty hair on fire.),(Đốt cháy mất mái tóc xinh đẹp như vầy thì ái ngại lắm.),Kat
,,,
story.Prologue_Club_Occult.item_lighter_on_girl3.text.6eae3a5b062c6d0d79f070c26e6d62486b40cb46,…,…,Kat
story.Prologue_Club_Occult.item_lighter_on_girl3.text.3183fcc936c7f6a1aa01d3d583e63b5d252e3923,(Nah…),(Hông…),Kat
,,,
story.Prologue_Club_Occult.item_notebook_on_girl1.text.bcf0badfb3275b12a0df799731b7ac1befa4a0c3,Is this your notebook?,Này vở của mày phải không?,Kat
story.Prologue_Club_Occult.item_notebook_on_girl1.text.4607ae1a98a498da6a7460bc82ffe3b05bff55a6,"Yeah, that's it. I hope you didn't look through it.",Ờ đó đó. Không có lật ra xem đấy chứ?,Saki
,,,
story.Prologue_Club_Occult.item_notebook_on_girl1.text.4f81128dcfd5234339f4a01a48626d2495cfea6b,Nope. Your secrets are safe.,Đâu có đâu. Bí mật vẫn cứ là bí mật.,Kat
story.Prologue_Club_Occult.item_notebook_on_girl1.text.17187cd84374b97703ac5802bc0c9ea23b8311a4,Alright.,Ừ cảm ơn.,Saki
,,,
story.Prologue_Club_Occult.item_notebook_on_girl1.text.52376f112edca895036704711c25ca7217fa9f07,Nope. Your math is safe.,Đâu có đâu. Bài tập toán của mày vẫn cứ là bí mật.,Kat
story.Prologue_Club_Occult.item_notebook_on_girl1.text.29960190498a090f316e1c88a5203d8598438bd2,Of course you looked. Hope you at least solved some of the exercises.,Đương nhiên làm gì mày không xem. Phải chi nhân thể ít ra giải luôn được vài bài cho tao thì tốt rồi.,Saki
story.Prologue_Club_Occult.item_notebook_on_girl1.text.6eae3a5b062c6d0d79f070c26e6d62486b40cb46,…,…,Kat
story.Prologue_Club_Occult.item_notebook_on_girl1.text.68cfe1454653981575ef9e6d4b8eaffd7f6d9abd,What? Did you really think I'd leave my personal journal in your hands?,Giề? Nghĩ tao mà lại giao nhật ký riêng tư của mình cho cái thứ như mày thật á?,Saki
story.Prologue_Club_Occult.item_notebook_on_girl1.text.ed7334c2d5f1e5c09ad39d1a9622a58dce742798,"Well, a promise is a promise anyways.","Mà thôi được rồi, hứa là hứa.",Saki
,,,
story.Prologue_Club_Occult.item_notebook_on_girl1.text.d843eb2b8cf5c8292c69d7df7f95cae5febaa8dc,Here's the key. Bring it back when you're done with it.,Chìa khóa đây. Xong rồi nhớ trả.,Saki
story.Prologue_Club_Occult.item_notebook_on_girl1.text.1da20795f84bb9c5e16697aea34f14720e38fc37,Thanks!,Cám ơn!,Kat
,,,
story.Prologue_Club_Occult.item_notebook_on_girl1.text.dd2b5320e7fc49538d7399af135c9a8ec0e6168e,"Yeah, that's it. But, you don't need the key anymore, do you?","Ờ, vở tao đó. Nhưng mà mày cần chìa khóa làm cái gì nữa đâu?",Saki
story.Prologue_Club_Occult.item_notebook_on_girl1.text.c3dcc660fbe0cadf61c2eb19a09586dedf6e3c8a,Why did you bother stealing it if you were gonna get me the notebook either way?,Dù gì cũng đi lấy vở cho tao rồi thì mắc gì còn phải ăn cắp chìa khóa hả?,Saki
story.Prologue_Club_Occult.item_notebook_on_girl1.text.a89d7a7736ce10e540fae6504d5fa3274a297877,"Sigh… whatever. Thanks, weirdo.","Hầy… thôi kệ, sao cũng được. Cám ơn nhé cái đồ lập dị.",Saki
,,,
story.Prologue_Club_Occult.item_notebook_on_girl1.text.e219d63fdccec65d2e5d9816e2e9bd043dfc8bcc,*gasp*,(hớp thở),Saki
story.Prologue_Club_Occult.item_notebook_on_girl1.text.29a8adcd3e327587d42aa5e10b0904414465a0bc,I uh… I don't seem to have the key with me.,"A, c… cái chìa khóa tao sao nó đâu mất rồi í.",Saki
story.Prologue_Club_Occult.item_notebook_on_girl1.text.6782116d1c1496a02e2eb86e0a5b54e47812c94a,I could've sworn I had it… I'm sorry. I promise to let you use it tomorrow!,Chắc chắn tao cầm miết mà… Xin lỗi. Hứa ngày mai sẽ cho mày mượn!,Saki
story.Prologue_Club_Occult.item_notebook_on_girl1.text.79c3e9c70882dede8fc600b14ea52c378323e19d,It's fine! Don't worry about it!,Không sao đâu! Đừng có lo lắng!,Kat
,,,
story.Prologue_Club_Occult.item_notebook_on_girl1.text.6190b21f7f6c904dfa86a126abddec06babe6303,Do you seriously think I'll give you the key after what you did?,Mày làm cái trò đó mà còn nghĩ tao sẽ đưa chìa khóa cho mày thật hả?,Saki
,,,
story.Prologue_Club_Occult.item_notebook_on_girl1.text.02feeda0f998cc9b8687848f7ec380222bb97695,…Yes?,…Ờ đúng thế?,Kat
story.Prologue_Club_Occult.item_notebook_on_girl1.text.cb786d0ca51429b7a407ca179318ce96404e594e,"Piss off, Kat. And give me that!",Đưa đây rồi cút luôn đi Kat!,Saki
,,,
story.Prologue_Club_Occult.item_notebook_on_girl1.text.b2b6fe19890d935b06122e8a23d2233d05eb2cba,You don't even care? Whatever. Give me that!,Mày còn chả để ý gì luôn? Sao cũng được. Đưa đây mau!,Saki
,,,
story.Prologue_Club_Occult.item_notebook_on_girl1.text.d06d6123d237a62eddc12907b99420da84dd93aa,"You come here, you ruin our game, you cut our hair, you steal my things and now you just bring me this?","Mày vào đây, mày phá đám, mày cắt tóc, rồi mày ăn cắp đồ, rồi giờ mày lại đường hoàng mang vở cho tao?",Saki
story.Prologue_Club_Occult.item_notebook_on_girl1.text.6a8f292c05e23fa933352500d278fa616b7110e3,"I have no words left for you, you little sociopath.",Tao chả buồn nói gì nữa đâu bớ cái con tâm thần.,Saki
,,,
story.Prologue_Club_Occult.item_notebook_on_girl1.text.5c3fb440e1ca7a8a629f9ed7c53c073a99473a26,Does this happen to be yours?,Không biết chừng cái này là của mày chăng?,Kat
,,,
story.Prologue_Club_Occult.item_notebook_on_girl1.text.99c6bb5b1c3bd93077330a52496d1560550e38cb,Huh? Why do you have that? Are you going through my stuff now?,Hở? Sao mày có hay vậy? Mày lục bàn tao à?,Saki
story.Prologue_Club_Occult.item_notebook_on_girl1.text.a964ff67f4c44db7a44fab7dab310a49fce27e01,Nah… I just had a feeling.,Đâu… tự dưng có cảm giác thôi.,Kat
story.Prologue_Club_Occult.item_notebook_on_girl1.text.00975a4bbf16da9c8aebf7e12a96294673a46029,Your feeling is right. May I have my notebook back?,Cảm trúng rồi đấy. Tao nhận lại được không?,Saki
story.Prologue_Club_Occult.item_notebook_on_girl1.text.688fd398e21b829668056e789907c97ac7ad75d1,Here you go.,Mời dùng ạ.,Kat
,,,
story.Prologue_Club_Occult.item_notebook_on_girl1.text.6f34079605ef7a8dd19a53a2225c6e1f4d9feda6,Are you kidding me? First the hair and now blackmail?,Mày giỡn mặt hả? Đầu tiên là tóc rồi lần này là hăm dọa nữa sao?,Saki
story.Prologue_Club_Occult.item_notebook_on_girl1.text.e1ceac83ea4a47d62a92a6a725be460304af33f6,"I don't care what you want, and I don't care why you have my notebook.","Tao chả quan tâm mày muốn làm cái gì, cũng chả quan tâm tại sao mày lại có vở của tao.",Saki
story.Prologue_Club_Occult.item_notebook_on_girl1.text.7e1778e7c37af639e56a985550874c843b3adfc1,Give it back or I'll get the teacher to beat your ass tomorrow morning!,Trả lại đây mau. Không thì sáng mai tao kêu thầy giáo cho mày ăn đòn!,Saki
story.Prologue_Club_Occult.item_notebook_on_girl1.text.c0a1542758f529c3c6256349a23c925815b0ea10,Geez… Stuff it. I don't want your stupid notebook.,Rồi vâng… gớm. Tao mà thèm cái thứ vở ngáo của mày.,Kat
,,,
story.Prologue_Club_Occult.item_notebook_on_girl2.text.269c16a1dfa107b2acc8de8d26d8a6f63a7ad98b,"Hey, is this yours?",Nè đây của mày phải không?,Kat
,,,
story.Prologue_Club_Occult.item_notebook_on_girl2.text.b716d05ccbf4157a6b3a983ba9b7667abf95a8e2,Um…,Ờm…,Juli
,,,
story.Prologue_Club_Occult.item_notebook_on_girl2.text.1a02e7f130b50e2e1ef4dd5e1ddfafd8153a993b,"Wait, can I see that…?","Từ từ, đưa tao coi với…?",Saki
,,,
story.Prologue_Club_Occult.item_notebook_on_girl2.text.5e846230e3b7400d2de371dc9cec83201e416307,For the love of… give me that!,Trời đất ạ… đưa đây mau!,Saki
,,,
story.Prologue_Club_Occult.item_notebook_on_girl2.text.fb0e9461a642d3ec9cf0a6e9e8b1f4ebbfb194f5,What are you doing…? Please bring that here.,Làm cái gì vậy…? Đem vở cho tao chứ?,Saki
,,,
story.Prologue_Club_Occult.item_notebook_on_girl3.text.269c16a1dfa107b2acc8de8d26d8a6f63a7ad98b,"Hey, is this yours?",Nè đây của mày phải không?,Kat
,,,
story.Prologue_Club_Occult.item_notebook_on_girl3.text.ae7bd6d3c057e3cb624759bb23e3f3a9827c2b86,Uhh…,Ừm…,Kaya
,,,
story.Prologue_Club_Occult.item_notebook_on_girl3.text.1a02e7f130b50e2e1ef4dd5e1ddfafd8153a993b,"Wait, can I see that…?","Từ từ, đưa tao coi với…?",Saki
,,,
story.Prologue_Club_Occult.item_notebook_on_girl3.text.3038ef858ffdac1a01c35644a63f35ed919d2a61,For the love of… bring that here!,Trời đất ạ… đưa đây mau!,Saki
,,,
story.Prologue_Club_Occult.item_notebook_on_girl3.text.fb0e9461a642d3ec9cf0a6e9e8b1f4ebbfb194f5,What are you doing…? Please bring that here.,Làm cái gì vậy…? Đem vở cho tao chứ?,Saki
,,,
story.Prologue_Club_Occult.item_scissors_on_box.text.e991a903c362b3d01cf6595fa295a2d40ada3434,"Finally, let's cut this open.",Rồi vậy cắt mở thùng ra thôi.,Kat
,,,
story.Prologue_Club_Occult.item_scissors_on_box.text.2d2dcc1f64a177c6302ae84d8ccb3bbdb6d2b99f,(Nothing else needs cutting here.),(Không còn cái gì khác cần cắt đâu.),Kat
,,,
story.Prologue_Club_Occult.item_scissors_on_girl1.text.82ba6b6db8766abe5f278ec33f1f6d3cf2719ca3,…!,…!,Saki
story.Prologue_Club_Occult.item_scissors_on_girl1.text.1f76ec6d4b74c6a4be984a899b92046761b005c9,Did you just…?,Chẳng lẽ mày vừa…?,Kaya
story.Prologue_Club_Occult.item_scissors_on_girl1.text.47d4e1871904ab116f7cd1c7edfdb9079ee8df98,Oh. My. God.,Ôi Trời Đất Ơi.,Saki
story.Prologue_Club_Occult.item_scissors_on_girl1.text.8dfea2fb080f54f0db9accdf57eefe73ea31f1c5,WHAT HAVE YOU DONE!?,MÀY LÀM TRÒ GÌ THẾ!?,Juli
story.Prologue_Club_Occult.item_scissors_on_girl1.text.2bef55a285b2593ba6a535008d9f4f511a8dabf9,GET THE HELL OUT!!!,CÚT RA NGOÀI MAU!!!,Juli
,,,
story.Prologue_Club_Occult.item_scissors_on_girl1.text.f3efbb91ed78ff84d2665bcb1db3bef9896cf989,Get away from me!,Tránh xa tao ra!,Saki
,,,
story.Prologue_Club_Occult.item_scissors_on_girl1.text.377da0cf441144a6050ee9c2a8e2c7250f87dd4b,"(I already got all the hair I need, no need to be petty.)","(Đã có trong tay tóc mình cần rồi, không cần phải nhỏ nhen như thế.)",Kat
,,,
story.Prologue_Club_Occult.item_scissors_on_girl1.text.c3c7d3c31ae9610a87df8bdf8c7f235b4c7c75d1,(Nah… she's fine.),(Thôi… cắt nó làm gì.),Kat
,,,
story.Prologue_Club_Occult.item_scissors_on_girl2.text.8034fcff154ca2528dcf33c361d5115423539a30,…!?,…!?,Juli
story.Prologue_Club_Occult.item_scissors_on_girl2.text.77a46c7d2755db882c1396bde1f852655095a8df,What in the actual hell…,Mày vừa làm cái quái…,Saki
story.Prologue_Club_Occult.item_scissors_on_girl2.text.e9f3fdeb83a1929c7ad74f804cddf50e2b00d519,Are you kidding me right now!?,Mày giỡn mặt hả trời!?,Juli
story.Prologue_Club_Occult.item_scissors_on_girl2.text.6329e8a7c52b3f3d8e22117c3eb6d3ca2ae1ff42,Oh no…,Sao lại…,Kaya
story.Prologue_Club_Occult.item_scissors_on_girl2.text.64425502ca8b7ef4e4a77c3138768079540b7440,DON'T TOUCH HER! GET OUT OF HERE!,ĐỪNG CÓ ĐỘNG VÀO NÓ! CÚT RA NGOÀI MAU!,Saki
,,,
story.Prologue_Club_Occult.item_scissors_on_girl2.text.ef4f8b68a5becc00b3524c84ef42c952d60d65bd,Don't you dare…,Sao mày lại…,Juli
,,,
story.Prologue_Club_Occult.item_scissors_on_girl2.text.10e0019996ad46460274aa27a8a5c7811db46211,"(I don't need to do that. Plus, I kinda like her hair - it's a pretty color.)","(Không cần phải làm thế. Với lại, tóc của con này màu nó đẹp mình thấy thích.)",Kat
,,,
story.Prologue_Club_Occult.item_scissors_on_girl2.text.c5f5fc498172652966bf730971f8765bbdac66bf,(I don't wanna ruin her hair.),(Sao lại nỡ phá đi mái tóc xinh đẹp thế này.),Kat
,,,
story.Prologue_Club_Occult.item_scissors_on_girl3.text.44c582df70cc6e653adf2cf0df3f29fd1b6e16ca,…?,…?,Kaya
story.Prologue_Club_Occult.item_scissors_on_girl3.text.b7206931ca52e0a7fa21ead98956ef53e2ee338a,WHAT THE HELL ARE YOU DOING TO HER!?,MÀY VỪA LÀM CÁI QUÁI GÌ HẢ!?,Juli
story.Prologue_Club_Occult.item_scissors_on_girl3.text.6a94640039e106891b5b1aa121af8a22dbf5e43e,She cut… her hair…,Nó cắt… tóc của Kaya rồi…,Saki
story.Prologue_Club_Occult.item_scissors_on_girl3.text.65e18df6cccfbb649bea90062c8e63da8c952328,Why…?,Tại sao…?,Kaya
story.Prologue_Club_Occult.item_scissors_on_girl3.text.f3603b7aacbc91746c86f567c0745e40b7012c20,GET OUT RIGHT THIS SECOND!!!,CÚT RA NGOÀI NGAY!!!!,Juli
,,,
story.Prologue_Club_Occult.item_scissors_on_girl3.text.30cbcb32f00407fb2e66958d7912b53ef22e4755,"Kat, if you touch me with those scissors…","Kat, mày mà động cái kéo này vào tao…",Kaya
story.Prologue_Club_Occult.item_scissors_on_girl3.text.70a0a553ac69e7dc9513b7dbb38ec97bd56c21dd,I'll make you swallow them.,Thì tao dộng nó xuống họng mày đấy.,Kaya
,,,
story.Prologue_Club_Occult.item_scissors_on_girl3.text.79d6f57d2b61245f0bd6a5a2bc66407b647cab3a,"(She looks like she's asking for it, but I already have all the hair I need.)","(Trông kiểu muốn xin mình cắt cho ấy, nhưng mình có đủ tóc rồi.)",Kat
,,,
story.Prologue_Club_Occult.item_scissors_on_girl3.text.1636e2bf25e9ef5918a899fdbce2e76ef515c424,"(She doesn't deserve it, I think.)",(Nghĩ là nó không đáng phải bị cắt tóc đâu.),Kat
,,,
story.Prologue_Club_Occult.misc_bag.text.569a00227ae0f61ced0e954acfc44569cacefc3b,It's a school bag.,Cái cặp.,
story.Prologue_Club_Occult.misc_bag.text.26c4de44633fd6c32dc5972848f88693839f34b4,There's something shiny inside.,Có cái gì đó sáng sáng cất bên trong.,
,,,
story.Prologue_Club_Occult.misc_bag.text.82451a73e0a14de2d129aef4634f80111c374fdc,Do you need something?,Cần gì hả?,Saki
story.Prologue_Club_Occult.misc_bag.text.ff1851d750d94b77830676154b56dbe23d06864e,Maybe later.,Để sau đi.,Kat
,,,
story.Prologue_Club_Occult.misc_bag.text.876322d92d82e43d6788d5956d2a1b3144a39fa0,(What if I accidentally push the bag off the chair?),(Nếu giả vờ vô tình xô cặp khỏi ghế thì sao?),Kat
,,,
story.Prologue_Club_Occult.misc_bag.choice.text.e253bde32575df92eb5ef451cd03f9fa5291b0cd,Push the bag?,Xô cặp chứ?,
story.Prologue_Club_Occult.misc_bag.choice.5397e0583f14f6c88de06b1ef28f460a1fb5b0ae,Yes,Xô,
story.Prologue_Club_Occult.misc_bag.choice.816c52fd2bdd94a63cd0944823a6c0aa9384c103,No,Thôi,
,,,
story.Prologue_Club_Occult.misc_bag.text.09d6befde9a1fc88aa1b9c5fde34c137a9b4ba1d,What the-!,Ớ-!,Saki
story.Prologue_Club_Occult.misc_bag.text.420fb99442d0d6a1fd30ab318ab8fcc4c61638f9,"I'm so sorry! Oh dear me, let me pick that up for you!",Xin lỗi xin lỗi! Tao nhặt lên cho!,Kat
story.Prologue_Club_Occult.misc_bag.text.6eae3a5b062c6d0d79f070c26e6d62486b40cb46,…,…,Saki
story.Prologue_Club_Occult.misc_bag.text.f59c0f4afab2d0325f03ac35cc3f49c2e2449132,I'll be out of your hair now!,Hứa không quấy rầy nữa đâu nha!,Kat
,,,
story.Prologue_Club_Occult.misc_bag.text.cf07da808e2ffee655d08b799ba7318fa3834521,(No need to mess with it anymore.),(Không cần đụng chạm gì thêm nữa đâu.),Kat
,,,
story.Prologue_Club_Occult.misc_bag.text.251f52d6df3395c8df5f5e03f4b361cc970625c8,An empty chair with no bag on it.,"Ghế trống không, cái cặp không còn.",
,,,
story.Prologue_Club_Occult.misc_bag.text.09965c48d0837b3d1863ee7aef708b74f2f591d9,An empty chair.,Ghế không có ai ngồi cả.,
,,,
story.Prologue_Club_Occult.misc_boardgame_box.text.fc13f989caa6e366775bdcbe695d8cfc493957da,It's the box for the game the girls were playing.,Hộp trò chơi mà mấy con này nãy đang chơi.,
story.Prologue_Club_Occult.misc_boardgame_box.text.310a910f48e5f2ccad80e9b09c37f87fed095002,"It says ""Wiji Game Board - for 2 to 4 players. Get answers from beyond!"".","Nó ghi là ""Wiji Game Board - Dành cho 2 đến 4 người chơi. Hãy lắng nghe tiếng gọi từ bên kia!""",
story.Prologue_Club_Occult.misc_boardgame_box.text.fec54261e084866671558f9cf266dbd713993f99,"""WARNING: We take no responsibility for any adverse effects playing this game could cause to you or your loved ones.""","""Chú ý: Chúng tôi không chịu trách nhiệm cho bất kì ảnh hưởng xấu nào có thể gây ra cho bạn hoặc cho người thân yêu của bạn khi chơi trò chơi này.""",
story.Prologue_Club_Occult.misc_boardgame_box.text.4ade47f5be414e8ada4756f7de5d157aab2dc5c7,"Such as disappointment, I presume?",Ảnh hưởng xấu thì chẳng hạn như là thấy thất vọng á?,Kat
story.Prologue_Club_Occult.misc_boardgame_box.text.85a8b7beb0f1c2f2d7cb042ec08f1767f5145e2b,"The disappointment was your fault, though…",Tại mày nói nên mới có thất vọng đấy…,Juli
,,,
story.Prologue_Club_Occult.misc_book.text.263149edb4ad89fff02ce9946bfccf39614b5d7f,A thick purple book.,Sách dầy màu tím.,
story.Prologue_Club_Occult.misc_book.text.16c6e4912e86f14e64451fd027de7c26cff6c0f2,(A spellbook? It looks weird. And it also looks fake.),(Sách thần chú à? Kiểu dáng kì cục. Với trông giả cầy.),
,,,
story.Prologue_Club_Occult.misc_bookcase_1.text.accc524764950e0dcb4d0184a26d010efebc2d98,"There's a book entitled ""Creepy Cryptids and where to find them"".","Có quyển sách mang tên ""Sinh vật bí dị và nơi tìm ra chúng"".",
,,,
story.Prologue_Club_Occult.misc_bookcase_2.text.d57bf6fd76e9be49465235bf2e0a65b4017197db,"There's a book entitled ""The truth behind mermaids exposed"".","Có quyển sách mang tên ""Phơi bày chân tướng nhân ngư"".",
,,,
story.Prologue_Club_Occult.misc_bookcase_3.text.b3c012557276851653294c220043835e98cbc771,"There's a book entitled ""Magic Circles for simpletons"".","Có quyển sách mang tên ""Vòng tròn Ma pháp cho người tối dạ"".",
,,,
story.Prologue_Club_Occult.misc_boxes.text.57bdc100ad7eeb4a3deb480019414058e216bc70,Cardboard boxes marked with a symbol. They're sealed with tape.,Thùng các-tông có vẽ ký hiệu nào đó. Đang bị băng dính niêm phong.,
story.Prologue_Club_Occult.misc_boxes.text.8b475355f7326906ba26fde100bd6a11492a77b6,"(The runes my friend mentioned may be in here, but I need a way to open it.)","(Mấy cái rune mấy đứa bạn có nói là ở trong này chăng, mà mở bằng tay thì chịu.)",
,,,
story.Prologue_Club_Occult.misc_boxes.text.12d145a51f490b13ef3e56492a91d8ddeb51e738,"(I need a way to open this, I'm not going to carry the entire box around.)","(Tìm cách mở thôi, chứ bê cả thùng đi thế nào được.)",
,,,
story.Prologue_Club_Occult.misc_boxes.text.9f68ba7f9f147babe754f2ea99f2b81208642cdb,"(There are two runes left in the box, but I only need one for the ritual.)","(Có 2 cái rune còn lại trong hộp, mà mình chỉ cần 1 cái cho nghi thức thôi.)",
story.Prologue_Club_Occult.misc_boxes.choice.text.b9c4634b568eaa3fe5b42e6e93e12e29a46f1f3f,(But maybe I picked the wrong one…),(Nhưng có khi lại chọn không đúng cái…),
story.Prologue_Club_Occult.misc_boxes.choice.061b9b5b31814bcf92f8b71b4306f6f2a474c055,Switch my rune,Đổi rune khác,
story.Prologue_Club_Occult.misc_boxes.choice.d268ba5209c487d727e01c5fd074cb9328ec5243,Do nothing,Không làm gì,
,,,
story.Prologue_Club_Occult.misc_boxes.choice.text.364f3b8241b4f79217df8002ad501427faeae4ac,Which one then?,Đổi lấy cái nào đây?,
story.Prologue_Club_Occult.misc_boxes.choice.e1da94bc5822b49d64e85608f56ba48ab98ccb6e,The weird C,Cái có chữ C kì cục,
story.Prologue_Club_Occult.misc_boxes.choice.ef2749c8f1634ee7093ee55ffe0eae3aced4143b,The weird B,Cái có chữ B kì cục,
story.Prologue_Club_Occult.misc_boxes.choice.c1310eee2491276ac0b1c674f547363ffae070b7,The weird O,Cái có chữ O kì cục,
story.Prologue_Club_Occult.misc_boxes.choice.9c1fd18744204f49b058eb2dbb595e2e043b6c22,Just take everything,Cứ lấy hết,
,,,
story.Prologue_Club_Occult.misc_boxes.text.88829eeb81b156c54eea33437150dccc3520f687,"Well, it doesn't say I CAN'T have more than one.",Dù gì luật cũng đâu có ghi KHÔNG ĐƯỢC cầm hơn 1 cái đâu.,Kat
story.Prologue_Club_Occult.misc_boxes.text.732195e80785fe0aa5db704b175401d29a26a9e2,If only there were four…,Giá mà có bốn cái…,Kaya
story.Prologue_Club_Occult.misc_boxes.text.9013b43a877e2030e126c6a0ad8d0cdb69104f68,We could get one each. Not that they do anything.,Thì mỗi người cầm một cái rồi nhỉ. Mà có vậy cũng chả được việc gì nên.,Juli
,,,
story.Prologue_Club_Occult.misc_boxes.text.9dd1b82a5e4f409f34a6c727d6cf043f271ad8f9,There's nothing else of use.,Không còn cái gì khác xài được đâu.,
,,,
story.Prologue_Club_Occult.misc_boxes.text.63540bac2757743606f51ef006f23b6fd8aeaa6c,I need to get this open…,Phải mở được cái này ra cơ…,Kat
story.Prologue_Club_Occult.misc_boxes.text.ec9109b5cbf8912b36fb9bba480a264c28fa3cdb,Um… ever heard of nails?,Ờ… có biết cái gọi là móng tay không?,Saki
story.Prologue_Club_Occult.misc_boxes.text.7b1901acce7fe9f092f093ed67404eaf7d0a1854,Well…,Ừ thì…,Kat
story.Prologue_Club_Occult.misc_boxes.text.3a4779e0d409b0c5dc75ad21958852c31bc89a0f,"Ugh, step aside.","Ựa, thôi tránh ra.",Saki
story.Prologue_Club_Occult.misc_boxes.text.dff354d7fab23bc4edc211c333f5935bfcf8b744,Tada!,Đóó!,Saki
story.Prologue_Club_Occult.misc_boxes.text.c7594c0eeae514527c3b5b4bf32a9120f31b86a5,Saki is so practical…,Saki thực tế ghê…,Kaya
story.Prologue_Club_Occult.misc_boxes.text.f50145a7a5ef8d6e20df628c48fb3c992d31bead,Man… is this your idea of fun?,Chời… thế này mà gọi là vui hả?,Kat
story.Prologue_Club_Occult.misc_boxes.text.c0ce14ad7f8d6951d59a3cdd7db2e3e97e45f14e,What do you mean?,Ý mày là sao đấy?,Saki
story.Prologue_Club_Occult.misc_boxes.text.cec6d534805a899e1bf61f7378181b780dacc099,It doesn't matter. Now let's see…,Sao cũng được. Giờ coi nào coi nào…,Kat
,,,
story.Prologue_Club_Occult.misc_chalkboard.text.996c7ffde7f4de6e04435eeeafaf0751c8d69a1c,A clean chalkboard.,Tấm bảng phấn sạch bong.,
,,,
story.Prologue_Club_Occult.misc_chalkboard.text.2b0eee27d44fc6e8f8317764d87e6eaa6e6b3ee1,My fabulous masterpiece is displayed here.,Kiệt tác hoàn bích của mình là đây chứ đâu.,
,,,
story.Prologue_Club_Occult.misc_chalkboard.text.d35f976759b8e3d3410d8d4183aaa53330857dde,There's some chalk here.,Có phấn viết ở đây.,
,,,
story.Prologue_Club_Occult.misc_chalkboard.choice.text.5675e2223f99eb63b821c42cc8b526e2596af4ad,Take Chalk?,Lấy phấn viết chứ?,
story.Prologue_Club_Occult.misc_chalkboard.choice.5397e0583f14f6c88de06b1ef28f460a1fb5b0ae,Yes,Lấy,
story.Prologue_Club_Occult.misc_chalkboard.choice.816c52fd2bdd94a63cd0944823a6c0aa9384c103,No,Thôi,
,,,
story.Prologue_Club_Occult.misc_chalkboard.text.1ea3f3479c570fdd02d1964dabd0525f9a8ea39f,But it's too dark to see now.,Tối quá không nhìn rõ được.,
,,,
story.Prologue_Club_Occult.misc_crow.text.4ab44a312db92c5bd534737e05a5b2152eecfe49,A stuffed crow.,Con quạ nhồi.,
story.Prologue_Club_Occult.misc_crow.text.1002cfc2ddd3de36c70d1685e6ec8acb84a58c96,(An interesting choice of decoration…),(Lựa chọn trang trí thú vị nhỉ…),Kat
,,,
story.Prologue_Club_Occult.misc_crow.text.963843d9b1419f842efb896ae4d902dd3799d02b,It's messed up now.,Nó bị vỡ ra rồi.,
,,,
story.Prologue_Club_Occult.misc_crystal_ball.text.a23b6bf8ac5e9842c56847de66b917ef5fc64b76,A crystal ball resting on a cushion.,Ngọc pha lê tựa trên nệm lót.,
story.Prologue_Club_Occult.misc_crystal_ball.text.cd9109e766b805f3bd9efefdcb0e88a6464b04fd,"(Wow, that cheap plastic exterior really makes it look authentic.)","(Oa, cái đồ bằng nhựa rẻ tiền thế này mà trông xịn phết ta.)",
,,,
story.Prologue_Club_Occult.misc_drawer.text.9a359277cd20fe8363eeaa7db2893dc4f7fbcfa2,This drawer won't open.,Ngăn kéo này không mở được.,
story.Prologue_Club_Occult.misc_drawer.text.5adcd431b2139464f68760a3bf8e4139d4ca9ca8,"(I don't see a keyhole, so it must be stuck somehow.)","(Không thấy lỗ khóa nào, nên chắc là bị kẹt hay sao đó.)",
,,,
story.Prologue_Club_Occult.misc_drawer2.text.ad95066a6e187af53eb565e7368de5a15cb56618,There's nothing of use here.,Không có thứ gì khác ở đây dùng được.,
,,,
story.Prologue_Club_Occult.misc_empty_chair.text.7e952277d040ac7f2ff8801690f3d2bb19b6c101,Don't even bother sitting with us after you ruined our night.,Phá đám bọn tao thế này rồi thì đừng có mà ngồi cùng.,Juli
,,,
story.Prologue_Club_Occult.misc_empty_chair.text.5a0047e953f9f37117e932daa0286a2961816c5d,Can't you read the room? We don't want you around. Leave!,Mày có biết ý tứ không? Bọn tao không có cần mày. Đi ra!,Juli
,,,
story.Prologue_Club_Occult.misc_empty_chair.text.09965c48d0837b3d1863ee7aef708b74f2f591d9,An empty chair.,Ghế không có ai ngồi cả.,
,,,
story.Prologue_Club_Occult.misc_empty_chair.choice.text.f8c2a80fe03491d57442b18b22db31625299ebb0,An empty chair. Sit down?,Ghế không có ai ngồi cả. Ngồi chứ?,
story.Prologue_Club_Occult.misc_empty_chair.choice.5397e0583f14f6c88de06b1ef28f460a1fb5b0ae,Yes,Ngồi,
story.Prologue_Club_Occult.misc_empty_chair.choice.816c52fd2bdd94a63cd0944823a6c0aa9384c103,No,Thôi,
,,,
story.Prologue_Club_Occult.misc_girl_gone.text.9f5b7bf882f320a834c07a2d25ae559770b56286,The girls are gone.,Đám nó biến đi đâu rồi.,
story.Prologue_Club_Occult.misc_girl_gone.text.6eae3a5b062c6d0d79f070c26e6d62486b40cb46,…,…,
,,,
story.Prologue_Club_Occult.misc_girl_gone.text.09965c48d0837b3d1863ee7aef708b74f2f591d9,An empty chair.,Ghế không có ai ngồi cả.,
,,,
story.Prologue_Club_Occult.misc_globe.text.cbbdb9132ee0abfe6422bb383720714c3e4f2ece,A spherical model of the Earth. Red crosses mark certain locations.,Quả địa cầu. Có dấu X đỏ đánh lên vài chỗ.,
,,,
story.Prologue_Club_Occult.misc_jar.text.a576e8348fd8f2ba8897c8b11830ceb13a3d2b7f,Some books and jars filled with…. something.,Vài cuốn sách với cái lọ có chứa… chất gì đó.,
,,,
story.Prologue_Club_Occult.misc_lightswitch.text.c89773c92a27edcb9585c26465c6a9b26d9899a0,There's no need to mess with the lights anymore.,Không cần nghịch đèn nữa.,
,,,
story.Prologue_Club_Occult.misc_lightswitch.text.d679cd11f41a8184b7f19e74f398a1f99212cdcb,The light switch isn't working.,Công tắc điện đèn có vẻ bị trục trặc.,
,,,
story.Prologue_Club_Occult.misc_plants.text.dca21f22bf5dd7fe050b2a451378a1c6c29e5149,Some small plants. Their Kaya existence fascinates you.,Vài cái cây nhỏ. Vẻ hiện diện tĩnh lặng của chúng khiến ta mê hoặc.,
story.Prologue_Club_Occult.misc_plants.text.6613a985084215b7f1a46f5a142e5aaabb314921,The drawer underneath is empty.,Ở ngăn kéo bên dưới không cất gì cả.,
,,,
story.Prologue_Club_Occult.misc_posters.text.31f7b70fafe1c0ac706128aa04d4dacfd4966d8e,Suspicious news articles and posters representing magic circles.,Mấy bài báo đáng nghi với tấm áp-phích có vẽ vòng tròn ma pháp.,
,,,
story.Prologue_Club_Occult.misc_radio.text.078c0f847290797302680e272880e5c881d7b1f1,An expensive-looking radio.,Cái radio trông có vẻ đắt tiền.,
,,,
story.Prologue_Club_Occult.misc_radio.choice.text.004433a9f324ded8e9a96392b851243550850e9e,Turn it on?,Bật nó lên chứ?,
story.Prologue_Club_Occult.misc_radio.choice.5397e0583f14f6c88de06b1ef28f460a1fb5b0ae,Yes,Bật,
story.Prologue_Club_Occult.misc_radio.choice.816c52fd2bdd94a63cd0944823a6c0aa9384c103,No,Thôi,
,,,
story.Prologue_Club_Occult.misc_radio.text.70a67e19a83dfd2c082b44d2999594e520be829d,What are you even doing?,Tính làm chi vậy?,Juli
story.Prologue_Club_Occult.misc_radio.text.8b0ce09dc6d276c9f604469fde40454d53a40ba9,Just looking around.,Tìm đồ tí thôi.,Kat
,,,
story.Prologue_Club_Occult.misc_radio.text.d843a9732a078ccd0fc4eeacade8420f04f601e2,No need to turn it on again.,Không cần bật lên lại đâu.,Kat
,,,
story.Prologue_Club_Occult.misc_radio.text.fbd01273fca14ebd0813f30da5c56351603a1c2b,It has no power.,Đài mất điện rồi.,
,,,
story.Prologue_Club_Occult.misc_trashcan.text.73846a940846a0e975f9a328c9de95d952ebed6d,A trash can. It seems to be full.,Thùng rác. Trông đầy nhóc rác.,
,,,
story.Prologue_Club_Occult.misc_trashcan.text.8e27ed3597deebb9b38e3f80d5931ff1c59a0905,There's a certain level of desperation needed for someone to dig through the trash. You're not at that level.,Nghị lực đến mức thượng thừa mới dám bới qua đống rác này. Bạn chưa đến tầm đó đâu.,
,,,
story.Prologue_Club_Occult.misc_window.text.c66e6133c2eedbb2730b9fd458371ad7a683bd88,A cool breeze blows in from outside.,Làn gió mát từ bên ngoài thổi vào.,
,,,
story.Prologue_Club_Occult.misc_window.choice.text.ff5c757cd3984c0d7d124c9d69101860edf262d3,Close the window?,Đóng cửa sổ chứ?,
story.Prologue_Club_Occult.misc_window.choice.5397e0583f14f6c88de06b1ef28f460a1fb5b0ae,Yes,Làm thế,
story.Prologue_Club_Occult.misc_window.choice.816c52fd2bdd94a63cd0944823a6c0aa9384c103,No,Thôi không,
story.Prologue_Club_Occult.misc_window.choice.text.185ee15ac6249146a40d11e2ffecb9d085b41ddf,Open the window?,Mở cửa sổ chứ?,
,,,
story.Prologue_Club_Occult.misc_window.text.f0f101b9d5543855478457e3dd0a777354559d16,…Huh?,…Ủa?,Kat
story.Prologue_Club_Occult.misc_window.text.0a5d18a025432564950aaca3dd99a24481a9f8f4,I can't seem to open it…,Không mở được…,Kat
story.Prologue_Club_Occult.misc_window.text.b6d5320ae2c86b9cd50d3a122657315748eea073,Are you trying to freak us out on purpose?,Định cố ý làm bọn tao hoảng à?,Saki
,,,
story.Prologue_Club_Occult.misc_window.text.e6c6896c71015c851847b1516e2f6c3d828aad29,(These curtains are very thin. I don't think they would work.),(Rèm chỗ này mỏng quá. Nghĩ không xài được đâu.),Kat
,,,
story.Prologue_Club_Occult.move_exit.text.4681290fd2fc11c71ef5b8bf67bb827a63e0939c,(Better read my notes to make sure I'm not forgetting anything in this room before leaving.),(Trước khi ra thì coi lại ghi chú xem có quên thứ gì trong phòng này không cho chắc.),Kat
